id_sensor,type,id_user,lastValue,last_message
1,1,3,,1626941637817
2,2,3,,1626941637788
3,3,3,,1626941637834
4,4,3,,1626941637825
5,5,3,,1626941637830
6,3,4,,1626941637842
7,4,6,,1626941637812
8,2,3,,1626941637802
